metric,value
mean_final_best,7.86814175819647e-06
std_final_best,6.379892484311013e-06
median_final_best,6.62715996285248e-06
min_final_best,9.807407117580252e-07
max_final_best,2.7434146862111897e-05
