metric,value
mean_final_best,11.842105133272904
std_final_best,5.462958738858326
median_final_best,10.120143390402063
min_final_best,5.930430103864495
max_final_best,26.984111037881206
